Model,MAE,RMSE,Median_Abs_Error,R2_Score,Within_10%,Within_20%,Within_30%,Over_30%
KNN,40164.74766858573,61054.96181749493,25082.105063325755,0.7204797385034952,35.61046511627907,24.321705426356587,16.86046511627907,23.20736434108527
